{
	"name": "3_Catalogo servicios",
	"request": {
		"auth": {
			"type": "bearer",
			"bearer": [
				{
					"key": "token",
					"value": "{{token}}",
					"type": "string"
				}
			]
		},
		"method": "GET",
		"header": [
			{
				"key": "Content-Type",
				"type": "text",
				"value": "application/json"
			},
			{
				"key": "Accept",
				"type": "text",
				"value": "application/json"
			},
			{
				"key": "Authorization",
				"type": "text",
				"value": "Bearer cccc223b-7484-3d77-aeff-a41fa0fb396e",
				"disabled": true
			},
			{
				"key": "Custom",
				"type": "text",
				"value": "Bearer {{tokenVra}}"
			}
		],
		"url": {
			"raw": "https://api.cloud.corp/vra-es/1.0.0/catalog-service/api/consumer/services?limit=100&page=1",
			"protocol": "https",
			"host": [
				"api",
				"cloud",
				"corp"
			],
			"path": [
				"vra-es",
				"1.0.0",
				"catalog-service",
				"api",
				"consumer",
				"services"
			],
			"query": [
				{
					"key": "limit",
					"value": "100"
				},
				{
					"key": "page",
					"value": "1"
				}
			]
		}
	},
		"response": []
}