{
	"name": "4_Catalogo Items",
	"request": {
		"auth": {
			"type": "bearer",
			"bearer": [
				{
					"key": "token",
					"value": "{{token}}",
					"type": "string"
				}
			]
		},
		"method": "GET",
		"header": [
			{
				"key": "Content-Type",
				"type": "text",
				"value": "application/json"
			},
			{
				"key": "Accept",
				"type": "text",
				"value": "application/json"
			},
			{
				"key": "Authorization",
				"type": "text",
				"value": "Bearer 25f6b71a-8af2-3d28-b3e7-e4610a98c28b",
				"disabled": true
			},
			{
				"key": "Custom",
				"type": "text",
				"value": "Bearer {{tokenVra}}"
			}
		],
		"url": {
			"raw": "https://api.cloud.corp/vra-es/1.0.0/catalog-service/api/services/6b8e2ffb-3a33-4063-b546-b603ee47883b/catalogItems?limit=5000",
			"protocol": "https",
			"host": [
				"api",
				"cloud",
				"corp"
			],
			"path": [
				"vra-es",
				"1.0.0",
				"catalog-service",
				"api",
				"services",
				"6b8e2ffb-3a33-4063-b546-b603ee47883b",
				"catalogItems"
			],
			"query": [
				{
					"key": "limit",
					"value": "5000"
				}
			]
		}
	},
	"response": []
}