{
	"name": "Resource View",
	"request": {
		"method": "GET",
		"header": [
			{
				"key": "Content-Type",
				"value": "application/json",
				"type": "text"
			},
			{
				"key": "Accept",
				"value": "application/json",
				"type": "text"
			},
			{
				"key": "Custom",
				"value": "Bearer {{tokenVra}}",
				"type": "text"
			}
		],
		"url": {
			"raw": "https://api.cloud.corp/vra-es/1.0.0/catalog-service/api/consumer/resourceViews?limit=999999",
			"protocol": "https",
			"host": [
				"api",
				"cloud",
				"corp"
			],
			"path": [
				"vra-es",
				"1.0.0",
				"catalog-service",
				"api",
				"consumer",
				"resourceViews"
			],
			"query": [
				{
					"key": "limit",
					"value": "999999"
				}
			]
		}
	},
	"response": []
}