{
	"name": "2_get Token VRA",
	"event": [
		{
			"listen": "test",
			"script": {
				"id": "607ea4ec-ba49-4e75-9b2e-bea43d5ecfb4",
				"exec": [
					"var jsonData = JSON.parse(responseBody);\r",
					"pm.environment.set(\"tokenVra\", jsonData.id);"
				],
				"type": "text/javascript"
			}
		}
	],
	"request": {
		"auth": {
			"type": "bearer",
			"bearer": [
				{
					"key": "token",
					"value": "{{token}}",
					"type": "string"
				}
			]
		},
		"method": "POST",
		"header": [
			{
				"key": "Content-Type",
				"name": "Content-Type",
				"value": "application/json",
				"type": "text"
			},
			{
				"key": "Authorization",
				"value": "Bearer {{token}}",
				"type": "text",
				"disabled": true
			}
		],
		"body": {
			"mode": "raw",
			"raw": "{\"password\":\"Srvsantech_api1.\",\"tenant\":\"san\",\"username\":\"srvsantech_api\"}",
			"options": {
				"raw": {}
			}
		},
		"url": {
			"raw": "https://api.cloud.corp/vra-token-es/1.0/identity/api/tokens",
			"protocol": "https",
			"host": [
				"api",
				"cloud",
				"corp"
			],
			"path": [
				"vra-token-es",
				"1.0",
				"identity",
				"api",
				"tokens"
			]
		}
	},
	"response": []
}