{
	"name": "1_Token temporal",
	"event": [
		{
			"listen": "test",
			"script": {
				"id": "4de70b94-4d20-4a05-bb56-6776fec16f2d",
				"exec": [
					"var jsonData = JSON.parse(responseBody);\r",
					"pm.environment.set(\"token\", jsonData.access_token);\r",
					""
				],
				"type": "text/javascript"
			}
		}
	],
	"request": {
		"auth": {
			"type": "noauth"
		},
		"method": "POST",
		"header": [
			{
				"key": "Content-Type",
				"name": "Content-Type",
				"value": "application/json",
				"type": "text",
				"disabled": true
			},
			{
				"key": "Authorization",
				"value": "Basic ZTI1N2ZLamxNanFrb2Q5b1QyRnlnSTExRzRzYTpyamw0NXVDVXlQdkdRS0JEc1Fvd3lGUG5wbllh",
				"type": "text"
			}
		],
		"url": {
			"raw": "https://api.cloud.corp/token?grant_type=client_credentials",
			"protocol": "https",
			"host": [
				"api",
				"cloud",
				"corp"
			],
			"path": [
				"token"
			],
			"query": [
				{
					"key": "grant_type",
					"value": "client_credentials"
				}
			]
		}
	},
	"response": []
},